<?xml version="1.0" encoding="UTF-8"?>
<project-private xmlns="http://www.netbeans.org/ns/project-private/1">
    <editor-bookmarks xmlns="http://www.netbeans.org/ns/editor-bookmarks/2" lastBookmarkId="0"/>
    <open-files xmlns="http://www.netbeans.org/ns/projectui-open-files/2">
        <group>
            <file>file:/C:/Users/nulls/Documents/NetBeansProjects/Programação%20Orientada%20a%20Objetos/Atividade%20-%20Classes%20e%20Objetos/Atividade%20-%20Classes%20e%20Objetos/src/Main/MainLivro.java</file>
            <file>file:/C:/Users/nulls/Documents/NetBeansProjects/Programação%20Orientada%20a%20Objetos/Atividade%20-%20Classes%20e%20Objetos/Atividade%20-%20Classes%20e%20Objetos/src/Main/Livro.java</file>
            <file>file:/C:/Users/nulls/Documents/NetBeansProjects/Programação%20Orientada%20a%20Objetos/Atividade%20-%20Classes%20e%20Objetos/Atividade%20-%20Classes%20e%20Objetos/src/Main/Fatura.java</file>
            <file>file:/C:/Users/nulls/Documents/NetBeansProjects/Programação%20Orientada%20a%20Objetos/Atividade%20-%20Classes%20e%20Objetos/Atividade%20-%20Classes%20e%20Objetos/src/Main/FaturaTeste.java</file>
        </group>
    </open-files>
</project-private>
